studentId,firstName,lastName,email,phone,dateOfBirth,gender,department,program,year,semester,division,batch,rollNumber,admissionDate,academicYear,guardianName,guardianPhone,guardianEmail,street,city,state,zipCode,country,courses
STU001,John,Doe,john.doe@student.edu,9876543210,2003-05-15,Male,computer-science,B.Tech,1,1,A,,2023001,2023-08-01,2024-2025,Robert Doe,9876543211,robert.doe@email.com,123 Main St,Mumbai,Maharashtra,400001,India,"CS101,MATH101"
STU002,Jane,Smith,jane.smith@student.edu,9876543212,2003-08-20,Female,computer-science,B.Tech,1,1,A,Lab1,2023002,2023-08-01,2024-2025,Michael Smith,9876543213,michael.smith@email.com,456 Oak Ave,Delhi,Delhi,110001,India,"CS101,MATH101,PHYS101"
STU003,Rahul,Kumar,rahul.kumar@student.edu,9876543214,2003-02-10,Male,engineering,B.Tech,2,1,B,,2022001,2022-08-01,2024-2025,Suresh Kumar,9876543215,suresh.kumar@email.com,789 Pine Rd,Bangalore,Karnataka,560001,India,"ENG201,MATH201"
STU004,Priya,Sharma,priya.sharma@student.edu,9876543216,2003-11-25,Female,business,BBA,1,2,A,,2023101,2023-01-15,2024-2025,Raj Sharma,9876543217,raj.sharma@email.com,321 Elm St,Chennai,Tamil Nadu,600001,India,"BUS101,ECON101"
